theta_deg,Br_T,Bt_T
0.0,0.06319849748575423,-0.020737578036018684
0.5,0.04107284810406526,-0.014631588169158223
1.0,0.01750721859108026,-0.011034386504909373
1.5,0.0015917804415050885,-0.003338489559026874
2.0,0.000659999798364974,-0.00022194402241023988
2.5,0.0006433074827220013,-3.9469611988092626e-05
3.0,0.0006154999920782513,-0.0001677921343940189
3.5,-0.00032384404983789217,-0.003872052294548694
4.0,-0.01698475859142561,-0.010261570870577542
4.5,-0.03931037037115133,-0.015333656634900751
5.0,-0.06965111095291442,-0.019931024448543555
5.5,-0.11616986790467737,-0.034036729153538746
6.0,-0.21001270172973258,-0.07440637217978466
6.5,-0.3915378561805365,-0.059231276854904806
7.0,-0.3720443551033348,0.008819616816194717
7.499999999999999,-0.41057272183783844,0.00299726789083867
8.0,-0.4121555281488359,0.003084557596980001
8.5,-0.3938609252995219,0.04254595972164735
9.0,-0.23734214047584565,0.05371252319755553
9.499999999999998,-0.18714491698006697,0.012511502402052685
10.0,-0.19326595269171834,-0.015679795126928863
10.5,-0.24222638571309313,-0.05443350278510151
11.0,-0.38044712338564995,-0.11256857092409032
11.499999999999998,-0.695589956208127,-0.08895058648828125
12.0,-0.7176440270565727,-0.006078664341399315
12.5,-0.719537835050254,-0.00016227671979227346
13.0,-0.7193459110732694,0.004159152571140497
13.5,-0.683289681003884,0.0624410029948296
14.0,-0.3782731829196952,0.12306777559476093
14.500000000000002,-0.2966118032310297,0.026508137786828447
14.999999999999998,-0.2844354409109292,-0.01158999681843429
15.5,-0.34259714818774917,-0.06499749230395738
16.0,-0.5242774477654139,-0.14469592768439626
16.5,-0.9294648693099063,-0.11648393605900943
17.0,-0.9726708191160849,-0.006957320426947994
17.5,-0.9734431885768576,0.000646063606311638
18.0,-0.9728708996670209,0.005350371650218216
18.5,-0.9419372707250003,0.1259819960428333
18.999999999999996,-0.5340251572632717,0.1369058878913189
19.5,-0.3825401226835799,0.05373040151517778
20.0,-0.3479060288710496,-0.011475803117884353
20.499999999999996,-0.40184389233436696,-0.08262921623450219
21.0,-0.5799554219373514,-0.13711812119261904
21.5,-1.0514742778724782,-0.13499187637607243
22.0,-1.094569875193424,-0.00875987434978293
22.5,-1.0946913684127497,-5.2926124944855326e-05
22.999999999999996,-1.0947189862510194,0.0066380146627525605
23.5,-1.0393086972049788,0.13933801836052218
24.0,-0.6027400659264371,0.15999697282388367
24.5,-0.4249719343445011,0.052677939394043645
25.0,-0.3867388068425262,-0.002531295041487278
25.499999999999996,-0.4419741965351181,-0.06672800960972809
26.0,-0.6329037031166603,-0.17683505424842333
26.5,-1.1318892342277749,-0.14296267006438793
27.0,-1.1805287850198078,-0.014066170009787026
27.5,-1.1182030711422088,-0.05767453701343427
28.0,-1.1521633814127121,0.05741728205753295
28.5,-1.1230419432342365,0.14077288939769406
29.000000000000004,-0.6495391531395354,0.17230946676904324
29.499999999999996,-0.444674183002436,0.06210487549790216
29.999999999999996,-0.3923110243803889,0.00016310946940833635
30.5,-0.44818478176282134,-0.07742602402780739
31.0,-0.6448465756327522,-0.183037550374655
31.5,-1.127288319601269,-0.13481145083680424
32.0,-1.1804553070569888,-0.0074428490272852
32.5,-1.183431752432325,0.0003287632553283988
33.0,-1.179814754457582,0.008772032349963129
33.49999999999999,-1.1451383486047009,0.15311461331575776
34.0,-0.6436550918017565,0.16587566969377318
34.5,-0.4170558347337774,0.036156951749330604
35.0,-0.3989501072645438,0.015587313538668301
35.5,-0.444181910060808,-0.05392253899365832
36.0,-0.6462928657770741,-0.1883193076336613
36.5,-1.1287669980217907,-0.1364607452499554
37.0,-1.1784721654587498,-0.007437134388107595
37.5,-1.18113187881193,0.0006842265948883272
37.99999999999999,-1.178905122396747,0.007204885632904946
38.5,-1.1202142413859564,0.13796683054752565
39.0,-0.6416425717945395,0.17664909081248928
39.5,-0.43394155163265025,0.05639981753198334
40.0,-0.3843728864211405,0.00466376615842414
40.5,-0.4328336808789185,-0.059405145807038075
40.99999999999999,-0.6057132191825122,-0.15976914722173158
41.5,-0.938345717951282,-0.14641806439646043
42.0,-1.0955316340423673,0.010822474795891088
42.5,-1.1014386827239764,0.0017165702037856756
43.0,-1.1004840895548162,0.007880346593091968
43.5,-1.0439398263417137,0.13897358713011712
44.0,-0.5943398794723086,0.16606163816757175
44.50000000000001,-0.40899789759145594,0.0704176086517644
45.0,-0.34821667839306736,0.00952027819982748
45.5,-0.38097950096349403,-0.04402757350034596
45.99999999999999,-0.5370744477300697,-0.13642663135281416
46.49999999999999,-0.9286183438779994,-0.11329018998693048
47.0,-0.9740935938939548,-0.006364316639587746
47.5,-0.9766474239167977,-0.0021235819351793075
48.0,-0.972350733512366,-0.006818252710529704
48.5,-0.8425372454025273,0.13326240834082362
49.0,-0.5288162080635078,0.14893651075646783
49.50000000000001,-0.3471556304307314,0.051787117505781535
50.0,-0.2905942918235186,0.012560041184861414
50.5,-0.2998739240656006,-0.03174585630518588
50.99999999999999,-0.40127037352629363,-0.0987461432714292
51.49999999999999,-0.6997656029534024,-0.08843282873787157
52.0,-0.7215980294789754,-0.005007530421631117
52.50000000000001,-0.723222538804433,-1.0372135204634608e-05
53.0,-0.7211690563991701,0.004977289495836014
53.5,-0.6876142594272575,0.09003687439297858
54.0,-0.37951836976662096,0.11924765618136049
54.49999999999999,-0.24007806086079345,0.04483874513411544
55.0,-0.19147774016971322,0.01001062027462827
55.5,-0.1757509883644766,-0.0006692260447781215
56.0,-0.24251858679652763,-0.04825646431194984
56.5,-0.3982273907737345,-0.046644936572892884
57.0,-0.4154930713196695,-0.0027213947474565687
57.5,-0.416266119210825,4.530882525085872e-05
58.00000000000001,-0.41534965240399324,0.002959237224319578
58.5,-0.3960536994962172,0.050027407244710366
58.99999999999999,-0.20980514327839306,0.06902431166437942
59.5,-0.11748071661522455,0.03428297160886008
59.99999999999999,-0.06879769095093069,0.020818770343755476
60.5,-0.03819627360506067,0.015056837211245889
61.0,-0.01567164096921429,0.010375711115959743
61.50000000000001,0.0012546950860605093,0.003771353949341133
62.0,0.0019454918959060294,0.0010256771537039354
62.49999999999999,-0.001288093568181983,0.0012662930840153922
63.0,-0.0019704701832844733,0.00029049058363568526
63.50000000000001,-0.0005694850782595214,0.0037888586485284163
64.0,0.01575551413382656,0.010827296364351119
64.5,0.03961465737464746,0.013304156398706699
65.0,0.0692203242630682,0.018736313359634812
65.50000000000001,0.11380294790392674,0.04099625372656005
66.0,0.21091677853851962,0.07173447127648709
66.5,0.3941259971284482,0.05647241363994355
66.99999999999999,0.4159436167340708,0.0021735366468574402
67.5,0.41620130984855425,0.00016976042205565543
68.0,0.4160263451837075,-0.002586092625292266
68.5,0.39683312779214347,-0.042991460174184856
69.0,0.2376087132709607,-0.03857271443816715
69.5,0.1839647564385159,-0.019295429147805913
70.0,0.18992482675990977,0.010749812696438195
70.49999999999999,0.24340739447450524,0.045265660651294636
71.0,0.38179680396295174,0.11300031146970309
71.5,0.6994716255403214,0.09691310788589114
72.0,0.7218417896121921,0.005137039227401221
72.5,0.723081215871032,0.00019795617202196338
73.0,0.7232628443616405,-0.004941053570856335
73.50000000000001,0.6892257441057655,-0.0873552388705946
74.0,0.4070446688219028,-0.10366114717868444
74.5,0.29935038290039684,-0.03318852663573369
75.0,0.2932862385888998,0.014356541832658443
75.5,0.3533503536152006,0.0635168503803604
75.99999999999999,0.4957971979789114,0.1824211266866704
76.5,0.9250322887246942,0.09251881763476819
77.0,0.9751430142123719,0.004738494564182593
77.5,0.9759251330339471,-0.0001705467402560245
78.0,0.9759250855086442,-0.007369211394323563
78.49999999999999,0.9228273411167626,-0.11901008727258618
79.0,0.533417021843574,-0.13362388231639402
79.5,0.3803338026861588,-0.05457362970644404
80.0,0.3563186664209787,0.007184412342505255
80.49999999999999,0.4084219557275514,0.06740550690363488
81.0,0.5967129278056098,0.16823315806067993
81.5,1.0487891824205364,0.12380050091379712
81.99999999999999,1.1019191207354118,0.00807481203778237
82.5,1.1007427519136,0.010847105484153833
83.0,0.9955405371732927,0.033028650604553705
83.50000000000001,1.0580583596311592,-0.16145281926277344
84.0,0.6137335202989211,-0.16935867931682028
84.5,0.42235683572833527,-0.06070214380086818
85.0,0.3814339501758939,0.005833592325490138
85.5,0.4281044283388033,0.061670284981439026
86.0,0.6421921677456707,0.1844047523304098
86.5,1.1129888872036797,0.13787627160907925
87.0,1.1800731093669325,0.008934536215756813
87.49999999999999,1.1789192198114555,-6.877361556670369e-05
88.0,1.1793799604125745,-0.008445287452667653
88.5,1.1278298525810329,-0.1350039881826717
89.00000000000001,0.6413925137032795,-0.17858401177455055
89.5,0.44718689943429135,-0.04738181672622551
90.0,0.3615719040154608,0.0029636347170917425
90.5,0.4465697398931409,0.0483798568190692
91.0,0.6358019931883194,0.18032799947999417
91.5,1.130031583901466,0.135500739324712
91.99999999999999,1.1818411086118763,0.008572164462052837
92.5,1.1816446923337705,0.00021207564348553682
92.99999999999999,1.183020235329397,-0.007942110657371397
93.50000000000001,1.1212428179331153,-0.13565179476303643
94.0,0.6317808663134662,-0.17396389394605763
94.5,0.4433768407012563,-0.05790377105331185
95.0,0.39764125155294006,-0.0011978573030693974
95.5,0.442012387739346,0.059922657856547136
96.0,0.6449609874271027,0.18313726570640027
96.5,1.1152022358835194,0.16385808971134702
97.0,1.0508543799401575,-0.03136957568120937
97.49999999999999,1.1779601419599348,-0.011216276207821042
98.0,1.1834580332995543,-0.009763820344068577
98.49999999999999,1.1277124023394862,-0.1307084068470857
99.00000000000001,0.6418577933256914,-0.17758573538465863
99.5,0.4444709771697144,-0.07090465999247815
100.0,0.3909870493957035,-0.006609152886961644
100.50000000000001,0.4235671856911328,0.05571856959333515
101.0,0.5896099706821469,0.15128021542294393
101.5,1.0475288819970192,0.13808220984311723
101.99999999999999,1.0953433742526302,0.008758652304003769
102.5,1.095284359155289,0.00011475305716555134
102.99999999999999,1.0938933334249432,-0.004768405213372856
103.49999999999999,1.045289931429193,-0.10858487937312147
104.0,0.5588326752835137,-0.2021254913775147
104.5,0.4062071179223936,-0.06406183478194487
105.00000000000001,0.3559523652635544,-0.006161196024911731
105.5,0.3817032962033919,0.05152508238977036
106.0,0.5395138974978166,0.13537143652172087
106.5,0.9304996826268146,0.11322458738525049
107.0,0.9728349816825266,0.006715812012423891
107.49999999999999,0.9736311698095743,-0.0007943722131994226
108.0,0.9729073799516387,-0.005313563519841433
108.5,0.9413292861169181,-0.12959331948337602
108.99999999999999,0.5173812437372569,-0.14625307141760338
109.50000000000001,0.34514476501254415,-0.0669711848170533
110.0,0.28276593398209465,-0.007147873076219865
110.50000000000001,0.29301518747386723,0.04334644590162536
111.0,0.3951825197175286,0.07855394915169937
111.5,0.6920602078642,0.08482520352111475
112.0,0.7191430764110877,0.005505071249612503
112.5,0.7191421239337747,2.5709167571901163e-05
113.0,0.7191158479087073,-0.0044545918413473225
113.49999999999999,0.6820273482399232,-0.09448756400011522
114.0,0.38101309030484987,-0.11429805168138629
114.49999999999999,0.24401865654147428,-0.04493864393529347
115.0,0.1917737380396774,-0.015436098358782329
115.50000000000001,0.187072756834018,0.011287548730194658
116.00000000000001,0.2342174419984576,0.05331683922783505
116.5,0.39493625368520896,0.04643755602301952
117.0,0.410733180887023,0.004169349982001943
117.5,0.3934876631859871,0.016760439579372326
117.99999999999999,0.406766379973718,-0.018333233777505918
118.50000000000001,0.3935736166087475,-0.05221787059140224
119.0,0.21120010718659307,-0.07089198008461492
119.5,0.11541820455236224,-0.035867778260245495
119.99999999999999,0.06912416938465754,-0.019513013891814725
120.50000000000001,0.03974296449702499,-0.015532574182225471
121.0,0.016339061340678546,-0.01003696636325041
121.5,0.00016211016109163483,-0.003428843425228046
122.0,-0.0009371408835031786,-0.00017855403315427608
122.49999999999999,-0.000958132245382181,-2.5589056834761925e-05
123.00000000000001,-0.0009793823723555836,-0.00024252346463540285
123.5,-0.001602748012320304,-0.0037003079095889037
124.0,-0.01850292008476275,-0.010726348758930906
124.49999999999999,-0.03786086195025151,-0.017303088076703596
124.99999999999999,-0.06818698534429055,-0.01696787066321453
125.5,-0.11549656120142769,-0.03391165785312946
126.0,-0.20901031540983472,-0.0745665144899653
126.5,-0.39439573314503984,-0.050859288994800515
127.00000000000001,-0.41245743200258467,-0.002753448238177743
127.50000000000001,-0.4133649114531565,0.00015239590026562154
128.0,-0.4125939966127563,0.0029741123785981946
128.5,-0.40014076609907856,0.04911984994925269
129.0,-0.2362071436099369,0.05218679142396797
129.49999999999997,-0.1875457188846804,0.013239989523734534
130.0,-0.19345190860616684,-0.016001046628459786
130.5,-0.2432843526230751,-0.05403119529011726
131.00000000000003,-0.3883648356581366,-0.11906933655752645
131.5,-0.6300187099182818,-0.10319881585205848
132.0,-0.7162572067764894,0.005445749630624589
132.5,-0.7175040926275471,0.001235198892742965
133.0,-0.7160320995527669,0.003616868621401456
133.5,-0.6817720995778951,0.08770475454272375
133.99999999999997,-0.40232307956467217,0.10089414984478319
134.5,-0.2934677920053184,0.02798967940660348
135.0,-0.2823603954991654,-0.011627079645620196
135.5,-0.34536138233913166,-0.06282651977053537
136.0,-0.5090634959846179,-0.15033870951469505
136.5,-0.9150723958460382,-0.11644074953403986
137.0,-0.9748797925787325,-0.007703502700784616
137.5,-0.9754745249994804,-0.0019757662537892096
138.0,-0.9721086975412842,-0.009189778441209929
138.5,-0.8381289918866505,0.12743244944573573
139.0,-0.5368238173219122,0.1449527666335976
139.5,-0.3804983255760688,0.04864980189969926
140.0,-0.3462052933795038,-0.005440837349706225
140.5,-0.40623645147926135,-0.06599880815354689
140.99999999999997,-0.5872487091731758,-0.16196029666411582
141.5,-1.0597093697676194,-0.13924810877183635
142.0,-1.094332281456797,-0.007966031677352202
142.50000000000003,-1.096826102351792,-7.067171799153655e-05
143.0,-1.0937378982898054,0.007342319131885225
143.5,-1.0436535016174906,0.13246257534474531
144.0,-0.5976099715097102,0.16597651465892355
144.5,-0.41883591093237826,0.049008766203712625
145.0,-0.3854108210900334,-0.01564771837881199
145.49999999999997,-0.40905009127418895,-0.04144816823433988
146.0,-0.6441875135277836,-0.16152387995665393
146.5,-1.1225559862228855,-0.1417083450488875
147.00000000000003,-1.175107073153258,-0.008325305267349259
147.5,-1.1773937401932932,3.97228381735908e-05
148.0,-1.1749073549806397,0.007977558739765774
148.5,-1.1223326375554123,0.13310076334768406
149.0,-0.6412200613985237,0.16618602504799074
149.5,-0.4462413503994312,0.05782481989181191
150.0,-0.39959222403802924,-0.003378436775564972
150.5,-0.44910622742229345,-0.07439715602973448
151.0,-0.6384005701119745,-0.16708509356519177
151.5,-1.12134705640621,-0.151520638373519
151.99999999999997,-1.1705283401260398,-0.05797211867148622
152.5,-1.1153364367886338,0.056616098162343094
153.0,-1.1836722338652903,0.014331707284461065
153.5,-1.1226869982041463,0.1395168543943193
154.0,-0.6397469508466327,0.16731397644798934
154.5,-0.4476313646031662,0.05865346928493827
155.0,-0.3955876441275181,0.002903336258823073
155.5,-0.43935657357937996,-0.07199926978970066
156.0,-0.6438819950328835,-0.17410433533200292
156.49999999999997,-1.1188167580487716,-0.15018762420203988
156.99999999999997,-1.1782896072007634,-0.0060434510767443566
157.5,-1.178710548586323,-0.000529739684348535
158.0,-1.1779188690887648,0.008334177597717323
158.5,-1.1191714417114387,0.13052574803635372
159.0,-0.6323796354253687,0.14049194028885925
159.5,-0.434784495520299,0.0854515761355428
160.0,-0.3840394648260698,0.010652027354202877
160.5,-0.42490005972352934,-0.04999267940043771
160.99999999999997,-0.6028344932704035,-0.1574808583226996
161.5,-1.062341770432607,-0.14340875393762376
162.0,-1.097773514064687,-0.0064987929787778875
162.5,-1.0984729439291068,-8.956494239500287e-06
163.0,-1.0989908211295352,0.007912623614021416
163.5,-1.035076414808026,0.12911994284095027
163.99999999999997,-0.5895547766058071,0.15972613148950351
164.5,-0.4020117852523761,0.05702603698776068
165.0,-0.34887333435194606,0.005621637107875093
165.5,-0.38551047572759556,-0.04457332930792236
166.0,-0.5047955997674073,-0.1730024946751538
166.5,-0.9275920561261264,-0.08878298164594357
167.00000000000003,-0.9764063643531532,-0.004264653142480239
167.5,-0.9768439354371644,7.50259558202842e-05
168.0,-0.9773152894461927,0.007878190783001532
168.49999999999997,-0.9311160351384467,0.12025142866556787
169.0,-0.5234588455797725,0.15424544482115446
169.5,-0.3418991176555943,0.0636207422177133
170.0,-0.2832718382215425,0.018766670731709914
170.49999999999997,-0.299495214534914,-0.03234395111840387
171.0,-0.40471102265680936,-0.10132679014953176
171.50000000000003,-0.6874153928009613,-0.07788019311458096
172.0,-0.720980058142969,-0.004965442876284107
172.5,-0.7203818553670559,-0.0059424085700725375
173.0,-0.6584733240213061,-0.019103369608054113
173.5,-0.6932239281957354,0.1023593053900461
174.0,-0.3807449028083796,0.11327210616501196
174.5,-0.2444093268710649,0.046168535624712743
174.99999999999997,-0.19167719146672543,0.014360257581892058
175.5,-0.18593457252085013,-0.012117237192773316
176.0,-0.23928005128254545,-0.05610512212057098
176.5,-0.38929100510384085,-0.04754241766708715
177.0,-0.4150835672211126,-0.0025035330712205894
177.5,-0.4146967166465473,2.669146310610126e-05
178.00000000000003,-0.41485828054259205,0.0031515287322165684
178.5,-0.3961295780356301,0.050616980402100886
179.0,-0.20871445616216036,0.07411782478697526
179.49999999999997,-0.11538566723220893,0.03117730174360933
180.0,-0.06370208585841919,0.020948845841316482
180.5,-0.04132082906224442,0.014387621171346905
181.0,-0.0173550336743248,0.010900753938678377
181.5,-0.0016463896846819876,0.0033799316668867135
182.0,-0.0007023814008750393,0.00022462852246698628
182.50000000000003,-0.0006853877528339074,3.977803985585643e-05
183.0,-0.000657512460391265,0.00016864594895803456
183.5,0.00028733291581149647,0.0038918311692063964
183.99999999999997,0.017027666895326473,0.010295444518232286
184.5,0.039299698551332106,0.015169973314321182
185.0,0.06888355558587082,0.020449137087085352
185.5,0.11671010194859499,0.04077703272182577
185.99999999999997,0.21160214358112306,0.06995656941610275
186.5,0.39513898280881155,0.060224653091386936
187.00000000000003,0.373863023094573,-0.009177997714403372
187.5,0.41244750589093643,-0.003127576895581973
188.0,0.41435488484406985,-0.0031271926789945333
188.5,0.3959325913793014,-0.042869942688309876
189.0,0.23920450599637375,-0.054310899672725114
189.5,0.18386380174921635,-0.010892143979678807
190.0,0.1898375787598974,0.012427909389458596
190.49999999999997,0.24240383937920587,0.053979394732549243
191.0,0.38206051959191933,0.1141735084015746
191.49999999999997,0.6929361308989903,0.08727943579747979
192.0,0.722716959553662,0.005590754540884149
192.5,0.7233925162846881,-0.00030209684832009523
193.0,0.7222349419648181,-0.002828329324973485
193.50000000000003,0.6915814334662131,-0.06754353193925915
194.0,0.37930714541277516,-0.12379928994434895
194.5,0.2975169483409527,-0.02664247069443523
194.99999999999997,0.28593298643861964,0.012236923763210023
195.5,0.34491068671826747,0.06455629904739098
196.0,0.5258593432241204,0.1450873077260256
196.5,0.932541299540709,0.11686910836956252
196.99999999999997,0.9759426255926303,0.007033622987619598
197.5,0.9764817518684257,-0.0006170036887619741
198.00000000000003,0.9771207196102013,-0.006084347452314287
198.5,0.9450542510403404,-0.12672777023998716
199.0,0.5347994752832034,-0.13762159285482325
199.49999999999997,0.38354250069071916,-0.05329482799451526
200.0,0.34961241759807254,0.01071520813498178
200.5,0.4028110697927245,0.08263471237176416
201.00000000000003,0.5813220835085129,0.14466702966554754
201.49999999999997,1.040693534016009,0.1363695830878148
202.0,1.0965034604398343,0.007939924057608495
202.49999999999997,1.097153615291839,-0.0005739154203317874
203.0,1.0963396649358021,-0.007152354707663067
203.5,1.0437979280350798,-0.138036884870654
203.99999999999997,0.6035196446322911,-0.16048277301549765
204.5,0.42544111119648853,-0.052887801525083024
205.0,0.3864223813777949,0.0035455972982112185
205.50000000000003,0.44211551105075614,0.06614527995746171
205.99999999999997,0.6338615089164564,0.1773429863935584
206.5,1.1337099826104042,0.14382458845267831
206.99999999999997,1.1827187614327923,0.014946229412585875
207.5,1.1226668411286198,0.07032884439748098
208.0,1.1537391786296403,-0.05861978522260806
208.5,1.125191275302289,-0.14067419127282557
209.0,0.6508301307873894,-0.17427319446031028
209.5,0.44778279443494945,-0.05944099610227761
210.00000000000003,0.3938768580645697,-0.0006114989892354859
210.49999999999997,0.44721266223878214,0.06914480994157421
211.0,0.6449860463339818,0.18450497793714013
211.5,1.1272834253981048,0.13493539419527384
212.0,1.1804783697081007,0.007448614639259799
212.5,1.1834555683484789,-0.0003279527656884379
213.0,1.179836694717092,-0.008785532593798254
213.50000000000003,1.145115103309437,-0.15332557961422297
214.0,0.6429819834431597,-0.16601792966093823
214.50000000000003,0.4163183093839569,-0.03294434760376462
214.99999999999997,0.39931714742061536,-0.013846094557651897
215.5,0.44355390273535933,0.056941272007196855
216.0,0.6444702097307501,0.18271970896223275
216.50000000000003,1.1265174167916836,0.13625951022282196
217.0,1.176145916862671,0.0074255471745533295
217.5,1.1788007962120575,-0.0006826527582335358
217.99999999999997,1.1765787298384132,-0.007190229370251256
218.5,1.1180116941182139,-0.13769534311446094
219.00000000000003,0.640311330087525,-0.17637522357605653
219.49999999999997,0.4327623950060612,-0.056457875806627464
220.0,0.382835654553528,-0.0048229760373348545
220.5,0.4314846662975741,0.059822442046987084
221.00000000000003,0.6048758710557315,0.15894590095344951
221.5,0.9350785955164024,0.15111179988790677
222.0,1.09346194865044,-0.010332232472177409
222.49999999999997,1.0981672743935225,-0.0017732262025973498
223.0,1.096039775042374,-0.006007746075569399
223.5,1.041448094468893,-0.13961083949490677
224.0,0.5947084744165414,-0.1671333863238563
224.5,0.3999723146265518,-0.05964475902963326
225.0,0.34579239100729353,-0.0067548031142368944
225.50000000000003,0.3806764388230582,0.05038353800555413
226.0,0.5232181388691451,0.13967148062802778
226.5,0.925063178059783,0.11000804246777192
226.99999999999997,0.9723176328685702,0.006809411773753823
227.5,0.9732322804355229,0.001907582557748633
228.0,0.9690306495990471,0.006786050830896523
228.5,0.8394951584769573,-0.13303105080406458
228.99999999999997,0.5184273211258834,-0.15535905956220553
229.49999999999997,0.3467466781988895,-0.0639023368800147
230.0,0.28731395291529216,-0.0091607616141692
230.5,0.29923409466794565,0.031184010848392563
231.00000000000003,0.399786098257292,0.0976317707694927
231.5,0.6960580575546991,0.0878481071379151
232.00000000000003,0.7177477897469914,0.004973465181000055
232.5,0.7193625756973304,1.0008386329617548e-05
233.0,0.7173205401536776,-0.004950552646188301
233.49999999999997,0.6839455125729319,-0.0895565046648514
234.0,0.37749132966701837,-0.11861307640895431
234.49999999999997,0.2387913890948109,-0.04460151290797467
235.0,0.1904425704901588,-0.009952802968714078
235.5,0.17476117607227548,0.0006360592688701172
235.99999999999997,0.24119519719925792,0.04798588766005049
236.5,0.39604607152586135,0.04638793660368737
237.00000000000003,0.41321681516779507,0.002706475214256153
237.49999999999997,0.41398586283549027,-4.522613686876341e-05
238.0,0.41307400870357075,-0.002944941424543521
238.50000000000003,0.393868586610556,-0.04978262977799308
239.0,0.2086243168332298,-0.06854631193879913
239.5,0.11702470599208506,-0.03408979682072805
239.99999999999997,0.06849549416784015,-0.02075834664971038
240.5,0.03800210964951862,-0.01499875358328806
241.00000000000003,0.015572557587821306,-0.010326254933126038
241.5,-0.0010988139066096883,-0.004033639996696164
242.0,-0.002009031349853796,-0.0008715787047308833
242.49999999999997,0.0012659322211582733,-0.0013002709275477657
243.0,0.0019293064555357712,-0.00029331582878074596
243.49999999999997,0.0006587282846874441,-0.0034633954191449663
244.0,-0.015364261400661317,-0.010333941921204641
244.5,-0.038813592114683916,-0.014699177274715022
244.99999999999997,-0.06828680557444236,-0.0174677648231083
245.5,-0.1134828893538611,-0.0407669640644268
246.00000000000003,-0.20982321656635466,-0.07125483784313355
246.50000000000003,-0.39202473820855227,-0.05618218138181449
247.0,-0.4137623063110853,-0.0022449037093748786
247.50000000000003,-0.4137691942490805,-0.0003828462818496637
248.0,-0.413806707446548,0.002750389978942314
248.5,-0.39453516051295945,0.04245079073648961
248.99999999999997,-0.23614465074478275,0.038447159453674655
249.5,-0.18278282474302124,0.019006128540714092
249.99999999999997,-0.18908053590141413,-0.010871818101524069
250.5,-0.24244366145272098,-0.045026276059291395
251.0,-0.3800174124139806,-0.11235833092931471
251.49999999999997,-0.6953280960321453,-0.09665167144553528
252.0,-0.7186544014778786,-0.0043811451743390115
252.49999999999997,-0.7191102189768692,-5.241425811765001e-05
253.0,-0.7194397317905452,0.0049491742495484615
253.5,-0.6792552221877393,0.08126063207119548
254.00000000000003,-0.3998870225056201,0.09646723790748378
254.5,-0.29573304364872116,0.02676104365788157
255.00000000000003,-0.2856213586989992,-0.012529980712260585
255.49999999999997,-0.35033790294424894,-0.05653063012299994
256.0,-0.4955198136527305,-0.1821708419721858
256.5,-0.926227565332538,-0.0929734291793082
257.0,-0.9711750475311749,-0.004794445921988209
257.5,-0.9726792384845147,2.4935821863859826e-05
258.0,-0.9726930709932221,0.007236944863122221
258.5,-0.9224507453674141,0.11785447829457436
258.99999999999994,-0.5362776897688084,0.14489055602367917
259.5,-0.3761082434810664,0.05050873788182896
260.0,-0.3461156798829699,-0.0036331784611569554
260.5,-0.40850376414218087,-0.06773995956604256
261.0,-0.5958714213225678,-0.16700530053952908
261.5,-1.0462956560752914,-0.12345807887258366
262.00000000000006,-1.0992895821233588,-0.008051307663887109
262.5,-1.0981194671469057,-0.010804184412460675
263.0,-0.9932509050351228,-0.03294270586209985
263.5,-1.0555080381037372,0.16117520627893442
264.0,-0.6200011961691803,0.18131607895242044
264.5,-0.4169522104481107,0.05856807232796576
265.0,-0.37976810063328953,-0.005764846789697918
265.5,-0.4257817499735394,-0.06468017606735058
266.0,-0.636058505217933,-0.1782587473054363
266.49999999999994,-1.1107855428564453,-0.1377999362533096
267.0,-1.1779086962822782,-0.008909414551675671
267.5,-1.176745601264746,-6.536214533850907e-05
267.99999999999994,-1.177794118165695,0.007303086013996822
268.5,-1.1217626026887881,0.13545633307156413
269.0,-0.6405943763432217,0.17838056092258547
269.50000000000006,-0.4465583909791578,0.046910084261992176
270.0,-0.36167228215430564,-0.0029935614356202942
270.5,-0.4467899328156119,-0.04828642338689307
271.0,-0.6362306761345171,-0.18059078590335864
271.5,-1.1301806037279463,-0.13548391999252304
272.0,-1.1806343908848191,-0.010327829100776299
272.5,-1.1815364909668546,-1.0482145581187038e-05
273.0,-1.1818034574522802,0.006240945312989586
273.5,-1.1250314583028385,0.15741226065918335
274.0,-0.6392519940899187,0.1753483889686613
274.5,-0.4553090165050206,0.07149998557637194
275.0,-0.40321732928741255,-3.349914603416742e-05
275.49999999999994,-0.44724158849643864,-0.06103090027717854
276.0,-0.6467256412647013,-0.1833113915836187
276.5,-1.1171338524476118,-0.16333074469899625
277.0,-1.0561619416590753,0.03819217233653194
277.50000000000006,-1.1808585034329229,0.01181350619360624
278.0,-1.1857245455631413,0.009891192000846451
278.50000000000006,-1.129763011539045,0.13128625470925123
279.0,-0.6449809440153126,0.17911403566986842
279.5,-0.43197645052815414,0.06253670490599283
280.0,-0.3832439888640985,0.0015523611148321134
280.5,-0.4178256448709228,-0.05662644858507803
281.0,-0.6014479714253851,-0.15368638872089088
281.5,-1.0500996535920835,-0.13882528975653044
281.99999999999994,-1.0980945591050397,-0.00880626645279545
282.5,-1.098035240982671,-0.00011748956911170835
283.0,-1.096639349565627,0.00477814836076817
283.5,-1.047917782300641,0.1088126917888146
284.0,-0.5585011522645824,0.20460708245048964
284.5,-0.4063248192609435,0.057139994208911034
285.00000000000006,-0.3504519899210245,0.006787484350590243
285.5,-0.37984943076564165,-0.05182791988018905
286.0,-0.5413086020105008,-0.13605600309881624
286.5,-0.9335610744363227,-0.11364022562583709
287.0,-0.9759760845487396,-0.006798002387694705
287.5,-0.9767329878365645,0.0006773713039862577
288.0,-0.9761451707943405,0.0055520890225808405
288.5,-0.9444573782299988,0.1299340047610747
289.0,-0.519468451916725,0.14669196982313615
289.5,-0.345973513800113,0.06740738894177167
290.0,-0.2846645337706773,0.00698266238769456
290.5,-0.29460639226458596,-0.04112395957979112
290.99999999999994,-0.39472359088894543,-0.08261313457503887
291.5,-0.6949018846797608,-0.08470439773457801
292.0,-0.7224711750409872,-0.004961976025254562
292.5,-0.7229747614354979,0.00020896178695592652
293.0,-0.7228898710635514,0.0043750371117712876
293.5,-0.6856654502709641,0.09498487060581819
294.00000000000006,-0.3830641826708568,0.11488731086934582
294.5,-0.24534438261669006,0.045262390995532045
295.0,-0.19231010438137036,0.015703707860098507
295.5,-0.18767189227112016,-0.01178408173590234
296.0,-0.2355993366132122,-0.05354840511396427
296.5,-0.3969915729738883,-0.04683738848166404
297.0,-0.4129685828333175,-0.004440240567653024
297.49999999999994,-0.396984544514377,-0.019857876158350794
298.0,-0.4093782197762081,0.01876919772903799
298.49999999999994,-0.3956702838416789,0.052360400914693586
299.0,-0.21246447480551442,0.07191977008741611
299.5,-0.11755757509478405,0.03419686877929097
300.0,-0.06843348436159372,0.021204311173157044
300.50000000000006,-0.03908046571316133,0.014546522222844957
301.0,-0.016543143800698785,0.010306382057407063
301.5,-0.00019967328391379372,0.0034829542308333324
302.0,0.0009156327750142247,0.00018122111347491942
302.5,0.0009369369662625695,2.592583497384834e-05
303.0,0.0009584188580919583,0.0002462640861588902
303.5,0.0015718265423683043,0.0037376005603252677
303.99999999999994,0.0182097911418304,0.011177131244460571
304.5,0.03776639142440722,0.017233612319976183
305.0,0.06857518477168136,0.017050679880858954
305.5,0.1160726334345381,0.034087661781289476
306.0,0.21008491312389144,0.07496523578496364
306.49999999999994,0.39648787145650866,0.051141094845350496
307.0,0.4146511539549685,0.002763404523348402
307.5,0.4155829855710903,-0.00021241798419279452
308.0,0.41478864988566433,-0.00233326956801442
308.5,0.3955189700577072,-0.045483309272421946
309.0,0.23953784838000391,-0.054050967588657794
309.50000000000006,0.1853861995007704,-0.009876383037206235
310.0,0.19115556011216125,0.01498956794237884
310.5,0.2447126998750822,0.04329820720153405
311.0,0.3854857867409579,0.12514571010127726
311.5,0.621876873254994,0.09675733299771574
312.0,0.7170579972638758,-0.005199165766913079
312.5,0.7214650008220891,-0.0010229177580056196
312.99999999999994,0.7207147698505201,-0.0047973872007760834
313.5,0.6851670980658221,-0.08754919289317412
313.99999999999994,0.4032555122597342,-0.10065005293898847
314.5,0.3002107202273156,-0.03434259005812839
315.0,0.29037331688078555,0.013238826015284439
315.5,0.3482454261417043,0.06709337615248226
316.0,0.511068874790569,0.1500423034825236
316.5,0.9289344177607227,0.11370473860952444
317.0,0.9771568346444672,0.007130381885449458
317.5,0.9791301046038663,0.001508217990160014
318.0,0.9748001484713358,0.010305656185617738
318.5,0.8484554104645768,-0.13765967146833835
319.0,0.5381635716697815,-0.1454346790683
319.5,0.38183504637923826,-0.04960720618146171
320.0,0.3544743524970371,0.006423683074115732
320.5,0.40054536947911934,0.06174235784248739
321.0,0.5938089826431712,0.17255080969124906
321.5,1.0424854638246097,0.1273266935631465
321.99999999999994,1.097206621260868,0.006959610961708508
322.5,1.0993420083478331,0.00011509870398020894
323.0,1.0961933238377575,-0.007351210966023475
323.50000000000006,1.0460515537893773,-0.13259228581640994
324.0,0.5996263233534808,-0.16637691721797804
324.5,0.41982839858237103,-0.04927923709568939
325.0,0.3851496239281595,0.01468491064747259
325.5,0.4096293410148847,0.04216104099468522
326.0,0.6455538911836028,0.16175698477700173
326.50000000000006,1.1246392228998365,0.14196059514738135
327.0,1.1772954159195945,0.00833891781358323
327.5,1.1795849439832253,-3.974736608199631e-05
327.99999999999994,1.1770967742529241,-0.007988342017544227
328.5,1.1244623619745784,-0.13328569455278771
329.0,0.6423622839392862,-0.16710425380337707
329.49999999999994,0.44504387524384426,-0.059682856659285556
330.0,0.3940959914220893,0.00040151887662141414
330.5,0.4473735730552876,0.06829349154562595
331.0,0.6492044513630284,0.179535031788585
331.5,1.141661393041824,0.14836278009128556
332.0,1.1600809986894303,0.06414820492069553
332.50000000000006,1.1144100741439849,-0.05481568690728146
333.0,1.18347987724324,-0.015016698304218052
333.49999999999994,1.1264759058364218,-0.13261767539466157
334.00000000000006,0.6424683591949047,-0.17286108575470321
334.5,0.4500030338091649,-0.06320455564236707
335.0,0.40278170947910064,0.0035979865858573497
335.49999999999994,0.44091087561080977,0.07087950574217719
336.0,0.6428696114925835,0.17347277653001364
336.5,1.1187501549843697,0.1480084919417274
336.99999999999994,1.1747636414989666,0.0075816860946096585
337.5,1.1765863349674355,0.000606684494049054
338.0,1.1758724060483003,-0.007844124898347361
338.5,1.117573057994567,-0.13140067086548005
339.0,0.6311787187511679,-0.14030632026137344
339.5,0.43405044602610277,-0.08531487856477808
340.0,0.383761669685466,-0.010510609175459273
340.5,0.4187255245262577,0.05311570580134154
340.99999999999994,0.5998913230772811,0.15875994375825536
341.50000000000006,1.0425829375285096,0.13020739352896368
342.0,1.0948010365481127,0.00611076859082238
342.49999999999994,1.0956667673008262,-1.1329574559796309e-05
343.00000000000006,1.0961833636273113,-0.007887475591299776
343.5,1.0324835275324087,-0.12869999499544452
344.0,0.5884298449035399,-0.15935433501652804
344.49999999999994,0.4004272925974295,-0.0574068170744128
345.0,0.3469343360300965,-0.005254273686561178
345.5,0.38481605728047275,0.04465968357448882
346.0,0.5089317834963172,0.1706941422763293
346.5,0.928270525699752,0.08810575469425398
347.0,0.9724733306589551,0.004508367755548628
347.5,0.9738859712133433,0.0004255933861519705
348.0,0.9734121130307056,-0.007936004090689012
348.50000000000006,0.9317551280345299,-0.12020377259641564
349.0,0.5196161070033699,-0.14472450052143637
349.5,0.34136725748783286,-0.05584179089941
349.99999999999994,0.28506584906296645,-0.010163432254143007
350.50000000000006,0.2932500041262342,0.029692638660427612
351.0,0.40119545576966187,0.10116822873175597
351.49999999999994,0.68152272112207,0.08232925088332571
352.0,0.7176646497043437,0.005606407600794095
352.5,0.7163756468683019,0.005330833024994792
353.0,0.6543867764272757,0.018747940027177314
353.5,0.6929757438254175,-0.1066237794611358
354.0,0.38818547824321276,-0.11971799472533871
354.5,0.24168732038153373,-0.05225542715428294
355.0,0.1917806003143326,-0.015434689813543232
355.5,0.182324752087262,0.010244516253508843
356.00000000000006,0.23819540939042122,0.05617216157623477
356.5,0.3907805909405201,0.045119433178507015
357.0,0.41281075400010653,0.0028771062117372496
357.50000000000006,0.41242041280371977,-5.736286590749993e-05
358.0,0.41259271551180815,-0.0031423396877063637
358.5,0.3939635158362196,-0.05034591798655334
358.99999999999994,0.20754785314308236,-0.07372670409496367
359.50000000000006,0.11470657730438644,-0.0309997597726281
